top_k,context_recall,faithfulness
3,0.27499999999999997,1.0
5,0.33916666666666667,1.0
7,0.33916666666666667,1.0
